"Indice";"Data e ora (AAAA-MM-GGThh:mm:ss)";"Tipo di evento";"Sottotipo di evento";"Informazioni del paziente";"Info dispositivo";"ID dispositivo sorgente";"Valore del glucosio (mg/dL)";"Valore insulina (u)";"Valore carboidrati (grammi)";"Durata (hh:mm:ss)";"Velocità di variazione del glucosio (mg/dL/min)";"Ora trasmettitore (Intero lungo)";"ID trasmettitore"
"1";"";"Nome";"";"Lorenzo";"";"";"";"";"";"";"";""
"2";"";"Cognome";"";"Tucceri Cimini";"";"";"";"";"";"";"";""
"3";"";"Dispositivo";"";"";"Dexcom G6 Mobile App";"iOS G6";"";"";"";"";"";""
"4";"";"Avviso";"Discesa";"";"";"iOS G6";"";"";"";"";"3";""
"5";"";"Avviso";"Alto";"";"";"iOS G6";"180";"";"";"";"";""
"6";"";"Avviso";"Basso";"";"";"iOS G6";"80";"";"";"";"";""
"7";"";"Avviso";"Perdita segnale";"";"";"iOS G6";"";"";"";"00:35:00";"";""
"8";"";"Avviso";"Rialzo";"";"";"iOS G6";"";"";"";"";"3";""
"9";"";"Avviso";"Ipoglicemia urgente";"";"";"iOS G6";"55";"";"";"";"";""
"10";"";"Avviso";"Ipoglicemia urgente imminente";"";"";"iOS G6";"55";"";"";"";"";""
"11";"";"Dispositivo";"";"";"Dexcom G7 Mobile App";"iOS G7";"";"";"";"";"";""
"12";"";"Avviso";"Discesa";"";"";"iOS G7";"";"";"";"";"3";""
"13";"";"Avviso";"Alto";"";"";"iOS G7";"180";"";"";"";"";""
"14";"";"Avviso";"Basso";"";"";"iOS G7";"80";"";"";"";"";""
"15";"";"Avviso";"Perdita segnale";"";"";"iOS G7";"";"";"";"00:35:00";"";""
"16";"";"Avviso";"Rialzo";"";"";"iOS G7";"";"";"";"";"3";""
"17";"";"Avviso";"Ipoglicemia urgente";"";"";"iOS G7";"55";"";"";"";"";""
"18";"";"Avviso";"Ipoglicemia urgente imminente";"";"";"iOS G7";"55";"";"";"";"";""
"19";"2024-08-10T00:01:22";"EGV";"";"";"";"iOS G7";"107";"";"";"";"";"399825";"812577242295"
"20";"2024-08-10T00:06:21";"EGV";"";"";"";"iOS G7";"111";"";"";"";"";"400125";"812577242295"
"21";"2024-08-10T00:11:21";"EGV";"";"";"";"iOS G7";"118";"";"";"";"";"400425";"812577242295"
"22";"2024-08-10T00:16:21";"EGV";"";"";"";"iOS G7";"122";"";"";"";"";"400725";"812577242295"
"23";"2024-08-10T00:21:21";"EGV";"";"";"";"iOS G7";"131";"";"";"";"";"401025";"812577242295"
"24";"2024-08-10T00:26:22";"EGV";"";"";"";"iOS G7";"116";"";"";"";"";"401325";"812577242295"
"25";"2024-08-10T00:31:22";"EGV";"";"";"";"iOS G7";"100";"";"";"";"";"401625";"812577242295"
"26";"2024-08-10T00:36:22";"EGV";"";"";"";"iOS G7";"94";"";"";"";"";"401925";"812577242295"
"27";"2024-08-10T00:41:22";"EGV";"";"";"";"iOS G7";"91";"";"";"";"";"402225";"812577242295"
"28";"2024-08-10T00:46:22";"EGV";"";"";"";"iOS G7";"85";"";"";"";"";"402525";"812577242295"
"29";"2024-08-10T00:51:22";"EGV";"";"";"";"iOS G7";"92";"";"";"";"";"402825";"812577242295"
"30";"2024-08-10T00:56:21";"EGV";"";"";"";"iOS G7";"95";"";"";"";"";"403125";"812577242295"
"31";"2024-08-10T01:01:21";"EGV";"";"";"";"iOS G7";"101";"";"";"";"";"403425";"812577242295"
"32";"2024-08-10T01:06:22";"EGV";"";"";"";"iOS G7";"105";"";"";"";"";"403725";"812577242295"
"33";"2024-08-10T01:11:22";"EGV";"";"";"";"iOS G7";"86";"";"";"";"";"404025";"812577242295"
"34";"2024-08-10T01:16:22";"EGV";"";"";""