start_time,end_time,label
1707778892,1707782816,high
1707782816,1707796040,normal
1707796040,1707798788,high
1707798788,1707813188,normal
1707813188,1707813920,low
1707813920,1707828320,normal
1707828320,1707831482,high
1707831482,1707845882,normal
1707845882,1707846512,low
1707846512,1707860168,normal
1707860168,1707864986,high
1707864986,1707873260,normal
1707873260,1707875054,low
1707875054,1707889454,normal
1707889454,1707890018,low
1707890018,1707904418,normal
1707904418,1707906884,high
1707906884,1707918410,normal
1707918410,1707918980,low
1707918980,1707933380,normal
1707933380,1707933896,low
1707933896,1707945902,normal
1707945902,1707947042,low
1707947042,1707947102,extremely_low
1707947102,1707947162,low
1707947162,1707961562,normal
1707961562,1707963410,high
1707963410,1707975728,normal
1707975728,1707978146,high
1707978146,1707992546,normal
1707992546,1707994688,high
1707994688,1708003826,normal
1708003826,1708007042,high
1708007042,1708016432,normal
1708016432,1708017866,high
1708017866,1708032266,normal
1708032266,1708033544,low
1708033544,1708047944,normal
1708047944,1708049216,high
1708049216,1708054070,normal
1708054070,1708054748,low
1708054748,1708069148,normal
1708069148,1708071770,high
1708071770,1708086170,normal
1708086170,1708087202,low
1708087202,1708101602,normal
1708101602,1708104176,high
1708104176,1708118576,normal
1708118576,1708119296,low
1708119296,1708133696,normal
1708133696,1708134368,low
1708134368,1708148768,normal
1708148768,1708151336,high
1708151336,1708165736,normal
1708165736,1708168610,high
1708168610,1708182374,normal
1708182374,1708183400,low
1708183400,1708197800,normal
1708197800,1708199492,low
1708199492,1708213892,normal
1708213892,1708216106,high
1708216106,1708227656,normal
1708227656,1708230482,high
1708230482,1708234580,extremely_high
1708234580,1708237826,high
1708237826,1708252226,normal
1708252226,1708255466,high
1708255466,1708263326,normal
1708263326,1708263944,high
1708263944,1708278344,normal
1708278344,1708279436,high
1708279436,1708293782,normal
1708293782,1708296158,high
1708296158,1708310558,normal
1708310558,1708314062,high
1708314062,1708328462,normal
1708328462,1708330928,high
1708330928,1708340936,normal
1708340936,1708341908,high
1708341908,1708352264,normal
1708352264,1708355096,high
1708355096,1708361090,extremely_high
1708361090,1708361852,high
1708361852,1708375094,normal
1708375094,1708376714,low
1708376714,1708391114,normal
1708391114,1708392794,low
1708392794,1708407194,normal
1708407194,1708407710,high
1708407710,1708422068,normal
1708422068,1708425164,high
1708425164,1708434926,normal
1708434926,1708436798,low
1708436798,1708451198,normal
1708451198,1708455872,high
1708455872,1708469354,normal
1708469354,1708472828,high
1708472828,1708485818,normal
1708485818,1708486622,low
1708486622,1708492250,normal
1708492250,1708493636,low
1708493636,1708508036,normal
1708508036,1708508732,low
1708508732,1708520702,normal
1708520702,1708521350,low
1708521350,1708535750,normal
1708535750,1708537502,low
1708537502,1708545836,normal
1708545836,1708546934,low
1708546934,1708561334,normal
1708561334,1708562618,low
1708562618,1708577018,normal
1708577018,1708579760,high
1708579760,1708594160,normal
1708594160,1708597016,high
1708597016,1708611416,normal
1708611416,1708614110,high
1708614110,1708628510,normal
1708628510,1708632355,high
1708632355,1708644817,normal
1708644817,1708645903,low
1708645903,1708660303,normal
1708660303,1708660501,low
1708660501,1708660992,extremely_low
1708660992,1708661052,low
1708661052,1708675452,normal
1708675452,1708676682,low
1708676682,1708691082,normal
1708691082,1708691724,high
1708691724,1708705932,normal
1708705932,1708708704,high
1708708704,1708718334,normal
1708718334,1708719930,low
1708719930,1708720074,extremely_low
1708720074,1708720134,low
1708720134,1708734534,normal
1708734534,1708735746,low
1708735746,1708750146,normal
1708750146,1708752996,high
1708752996,1708767396,normal
1708767396,1708769256,low
1708769256,1708783656,normal
1708783656,1708784808,high
1708784808,1708799208,normal
1708799208,1708799676,high
1708799676,1708802406,extremely_high
1708802406,1708804476,high
1708804476,1708818876,normal
1708818876,1708821666,high
1708821666,1708835076,normal
1708835076,1708836846,high
1708836846,1708848222,normal
1708848222,1708849248,low
1708849248,1708854048,normal
1708854048,1708855464,low
1708855464,1708869252,normal
1708869252,1708870560,low
1708870560,1708870746,extremely_low
1708870746,1708870806,low
1708870806,1708885206,normal
1708885206,1708889124,high
1708889124,1708902150,normal
1708902150,1708904004,low
1708904004,1708904418,extremely_low
1708904418,1708904478,low
1708904478,1708918878,normal
1708918878,1708920444,low
1708920444,1708934844,normal
1708934844,1708935444,high
1708935444,1708948476,normal
1708948476,1708949688,low
1708949688,1708964088,normal
1708964088,1708965084,low
1708965084,1708965606,extremely_low
1708965606,1708965666,low
1708965666,1708966164,extremely_low
1708966164,1708966224,low
1708966224,1708980624,normal
1708980624,1708983054,high
1708983054,1708992042,normal
1708992042,1708993914,high
1708993914,1708993974,extremely_high
1708993974,1708997610,high
1708997610,1709010012,normal
1709010012,1709010594,low
1709010594,1709010876,extremely_low
1709010876,1709010936,low
1709010936,1709025336,normal
1709025336,1709026944,low
1709026944,1709041344,normal
1709041344,1709042136,low
1709042136,1709056536,normal
1709056536,1709058648,high
1709058648,1709066052,normal
1709066052,1709070066,high
1709070066,1709084466,normal
1709084466,1709085144,low
1709085144,1709099544,normal
1709099544,1709100690,low
1709100690,1709100954,extremely_low
1709100954,1709101014,low
1709101014,1709115414,normal
1709115414,1709117190,low
1709117190,1709131590,normal
1709131590,1709132508,low
1709132508,1709146908,normal
1709146908,1709149440,high
1709149440,1709162262,normal
1709162262,1709162898,low
1709162898,1709177298,normal
1709177298,1709178780,low
1709178780,1709193180,normal
1709193180,1709197110,high
1709197110,1709206230,normal
1709206230,1709208396,low
1709208396,1709221494,normal
1709221494,1709224104,high
1709224104,1709237646,normal
1709237646,1709238876,low
1709238876,1709253276,normal
1709253276,1709254590,low
1709254590,1709268990,normal
1709268990,1709270604,low
1709270604,1709285004,normal
1709285004,1709286054,low
1709286054,1709300454,normal
1709300454,1709301102,low
1709301102,1709301270,extremely_low
1709301270,1709301330,low
1709301330,1709312088,normal
1709312088,1709312496,low
1709312496,1709326896,normal
1709326896,1709328438,low
1709328438,1709342838,normal
1709342838,1709343654,low
1709343654,1709358054,normal
1709358054,1709361959,high
1709361959,1709376359,normal
1709376359,1709378063,high
1709378063,1709392463,normal
1709392463,1709395139,high
1709395139,1709409539,normal
1709409539,1709411351,high
1709411351,1709417633,extremely_high
1709417633,1709420057,high
1709420057,1709434457,normal
1709434457,1709436965,high
1709436965,1709451365,normal
1709451365,1709454473,high
1709454473,1709468633,normal
1709468633,1709472023,high
1709472023,1709486423,normal
1709486423,1709488901,high
1709488901,1709499305,normal
1709499305,1709500913,high
1709500913,1709515313,normal
